{
  "Workflows": [
    {
      "Path": null,
      "SortBy": 0,
      "VariablesSectionElementsOrder": [],
      "ArgumentsSectionElementsOrder": null,
      "ConstantsSectionElementsOrder": [],
      "AddedNamespaces": null
    },
    {
      "Path": "Main.xaml",
      "SortBy": 0,
      "VariablesSectionElementsOrder": [
        "total&Sequence_1",
        "MonthlyTotal&Sequence_1",
        "MonthTable&Sequence_1",
        "dt_eachMonthPercent&Sequence_1",
        "monthList&Sequence_1",
        "dt_CashExpenses&Sequence_1",
        "dt_CardExpenses&Sequence_1",
        "Months&Sequence_1",
        "dt_Monthly&Sequence_1",
        "index&Sequence_1",
        "ExpenseDate&Sequence_4",
        "ExpenseMonth&Sequence_4",
        "ExpenseDate&Sequence_8",
        "ExpenseMonth&Sequence_8",
        "ExpenseName&Sequence_9",
        "ExpenseValue&Sequence_9"
      ],
      "ArgumentsSectionElementsOrder": [],
      "ConstantsSectionElementsOrder": [],
      "AddedNamespaces": null
    }
  ]
}